key,status,code,request,budget,creationDate,startDate,endDate,link,draft,key:chef,key:epicure
fine-dish-01,ACCEPTED,AA:AAA-000,Test request,EUR 100.00,2022/01/01 00:00,2022/02/01 00:00,2022/03/01 00:00,https://acme.com,false,chef-01,epicure-01
fine-dish-02,PROPOSED,AA:AAA-001,Test request,EUR 100.00,2022/01/01 00:00,2022/02/01 00:00,2022/03/01 00:00,https://acme.com,false,chef-01,epicure-01
fine-dish-03,DENIED,AA:AAA-002,Test request,EUR 100.00,2022/01/01 00:00,2022/02/01 00:00,2022/03/01 00:00,https://acme.com,false,chef-01,epicure-01
fine-dish-04,ACCEPTED,ZZ:ZZZ-999,Test request,EUR 100.00,2022/01/01 00:00,2022/02/01 00:00,2022/03/01 00:00,https://acme.com,false,chef-01,epicure-01
fine-dish-05,ACCEPTED,AB:CDE-456,Test request,EUR 100.00,2022/01/01 00:00,2022/02/01 00:00,2022/03/01 00:00,https://acme.com,false,chef-01,epicure-01
fine-dish-06,ACCEPTED,AAA-000,Test request,EUR 100.00,2022/01/01 00:00,2022/02/01 00:00,2022/03/01 00:00,https://acme.com,false,chef-01,epicure-01
fine-dish-07,ACCEPTED,ZZZ-999,Test request,EUR 100.00,2022/01/01 00:00,2022/02/01 00:00,2022/03/01 00:00,https://acme.com,false,chef-01,epicure-01
fine-dish-08,ACCEPTED,ABC-123,Test request,EUR 100.00,2022/01/01 00:00,2022/02/01 00:00,2022/03/01 00:00,https://acme.com,false,chef-01,epicure-01
fine-dish-09,ACCEPTED,AA:AAA-009,"!""#$%&'()*+-./0123456789:;<=>?@ABCDEFGHIJKLMNOPQRSTUVWXYZ[\]^_`abcdefghijklmnopqrstuvwxyz{|}~¡¢£¤¥¦§¨©ª«¬­®¯°±²³´µ¶·¸¹º»¼½¾¿ÀÁÂÃÄÅÆÇÈÉÊËÌÍÎÏÐÑÒÓÔÕÖ×ØÙÚÛÜÝÞßàáâãäåæçèéêëìíîïðñòóôõö÷øùúûüýþÿ",EUR 100.00,2022/01/01 00:00,2022/02/01 00:00,2022/03/01 00:00,https://acme.com,false,chef-01,epicure-01
fine-dish-10,ACCEPTED,AA:AAA-010,This text contains 255 letters exactly for testing purposes I could also use the lorem ipsum to test. Lorem ipsum dolor sit amet; consectetur adipiscing elit; sed do eiusmod tempor incididunt ut labore et dolore magna aliqua. This is 30 more to pad it out,EUR 100.00,2022/01/01 00:00,2022/02/01 00:00,2022/03/01 00:00,https://acme.com,false,chef-01,epicure-01
fine-dish-11,ACCEPTED,AA:AAA-011,Test request,USD 100.00,2022/01/01 00:00,2022/02/01 00:00,2022/03/01 00:00,https://acme.com,false,chef-01,epicure-01
fine-dish-12,ACCEPTED,AA:AAA-012,Test request,GBP 100.00,2022/01/01 00:00,2022/02/01 00:00,2022/03/01 00:00,https://acme.com,false,chef-01,epicure-01
fine-dish-13,ACCEPTED,AA:AAA-013,Test request,EUR 0.01,2022/01/01 00:00,2022/02/01 00:00,2022/03/01 00:00,https://acme.com,false,chef-01,epicure-01
fine-dish-14,ACCEPTED,AA:AAA-014,Test request,EUR 99999.99,2022/01/01 00:00,2022/02/01 00:00,2022/03/01 00:00,https://acme.com,false,chef-01,epicure-01
fine-dish-15,ACCEPTED,AA:AAA-015,Test request,EUR 100.00,2021/12/31 23:59,2022/02/01 00:00,2022/03/01 00:00,https://acme.com,false,chef-01,epicure-01
fine-dish-16,ACCEPTED,AA:AAA-016,Test request,EUR 100.00,2021/12/31 00:00,2022/02/01 00:00,2022/03/01 00:00,https://acme.com,false,chef-01,epicure-01
fine-dish-17,ACCEPTED,AA:AAA-017,Test request,EUR 100.00,2022/07/22 00:00,2022/02/01 00:00,2022/03/01 00:00,https://acme.com,false,chef-01,epicure-01
fine-dish-18,ACCEPTED,AA:AAA-018,Test request,EUR 100.00,2022/07/21 23:59,2022/02/01 00:00,2022/03/01 00:00,https://acme.com,false,chef-01,epicure-01
fine-dish-19,ACCEPTED,AA:AAA-019,Test request,EUR 100.00,2021/11/30 23:59,2021/12/31 23:59,2022/03/01 00:00,https://acme.com,false,chef-01,epicure-01
fine-dish-20,ACCEPTED,AA:AAA-020,Test request,EUR 100.00,2021/11/30 00:00,2021/12/31 00:00,2022/03/01 00:00,https://acme.com,false,chef-01,epicure-01
fine-dish-21,ACCEPTED,AA:AAA-021,Test request,EUR 100.00,2022/06/22 00:00,2022/07/22 00:00,2022/03/01 00:00,https://acme.com,false,chef-01,epicure-01
fine-dish-22,ACCEPTED,AA:AAA-022,Test request,EUR 100.00,2022/06/21 23:59,2022/07/21 23:59,2022/03/01 00:00,https://acme.com,false,chef-01,epicure-01
fine-dish-23,ACCEPTED,AA:AAA-023,Test request,EUR 100.00,2021/10/31 23:59,2021/11/30 23:59,2021/12/31 23:59,https://acme.com,false,chef-01,epicure-01
fine-dish-24,ACCEPTED,AA:AAA-024,Test request,EUR 100.00,2021/10/31 00:00,2021/11/30 00:00,2021/12/31 00:00,https://acme.com,false,chef-01,epicure-01
fine-dish-25,ACCEPTED,AA:AAA-025,Test request,EUR 100.00,2022/05/22 00:00,2022/06/22 00:00,2022/07/22 00:00,https://acme.com,false,chef-01,epicure-01
fine-dish-26,ACCEPTED,AA:AAA-026,Test request,EUR 100.00,2022/05/21 23:59,2022/06/21 23:59,2022/07/21 23:59,https://acme.com,false,chef-01,epicure-01
fine-dish-27,ACCEPTED,AA:AAA-027,Test request,EUR 100.00,2022/01/01 00:00,2022/02/01 00:00,2022/03/01 00:00,null,false,chef-01,epicure-01
fine-dish-28,ACCEPTED,AA:AAA-028,Test request,EUR 100.00,2022/01/01 00:00,2022/02/01 00:00,2022/03/01 00:00,http://acme.com/xy,false,chef-01,epicure-01
fine-dish-29,ACCEPTED,AA:AAA-029,Test request,EUR 100.00,2022/01/01 00:00,2022/02/01 00:00,2022/03/01 00:00,http://acme.com/x?y,false,chef-01,epicure-01
fine-dish-30,ACCEPTED,AA:AAA-030,Test request,EUR 100.00,2022/01/01 00:00,2022/02/01 00:00,2022/03/01 00:00,http://acme.com/x/y,false,chef-01,epicure-01
fine-dish-31,ACCEPTED,AA:AAA-031,Test request,EUR 100.00,2022/01/01 00:00,2022/02/01 00:00,2022/03/01 00:00,http://x.y/z?w&v,false,chef-01,epicure-01
fine-dish-32,ACCEPTED,AA:AAA-032,Test request,EUR 100.00,2022/01/01 00:00,2022/02/01 00:00,2022/03/01 00:00,ftp://recipes:user@acme.com,false,chef-01,epicure-01
fine-dish-33,ACCEPTED,AA:AAA-033,Test request,EUR 100.00,2022/01/01 00:00,2022/02/01 00:00,2022/03/01 00:00,https://acme.com,true,chef-01,epicure-01
fine-dish-34,ACCEPTED,AA:AAA-034,Test request,EUR 100.00,2022/01/01 00:00,2022/02/01 00:00,2022/03/01 00:00,https://acme.com,false,chef-02,epicure-01
fine-dish-35,ACCEPTED,AA:AAA-035,Test request,EUR 100.00,2022/01/01 00:00,2022/02/01 00:00,2022/03/01 00:00,https://acme.com,false,chef-01,epicure-02
fine-dish-36,ACCEPTED,FDS-042,Salmon served on a bed of lettuce and tomato,GBP 65.55,2017/03/23 14:23,2017/05/12 18:01,2018/01/09 10:10,https://goodfood.co.uk/recipes/salmon/salmon-in-bed,false,chef-01,epicure-01
