key,sequence-number,creationTime,report,link,key:fine-dish
memorandum-01,AA:AAA-000:0001,2022/01/01 00:00,Test report,https://acme.com,fine-dish-01
memorandum-02,ZZ:ZZZ-999:9999,2022/01/01 00:00,Test report,https://acme.com,fine-dish-04
memorandum-03,AB:CDE-456:7890,2022/01/01 00:00,Test report,https://acme.com,fine-dish-05
memorandum-04,AAA-000:0000,2022/01/01 00:00,Test report,https://acme.com,fine-dish-06
memorandum-05,ZZZ-999:9999,2022/01/01 00:00,Test report,https://acme.com,fine-dish-07
memorandum-06,ABC-123:5678,2022/01/01 00:00,Test report,https://acme.com,fine-dish-08
memorandum-07,AA:AAA-000:0002,2021/12/31 23:59,Test report,https://acme.com,fine-dish-01
memorandum-08,AA:AAA-000:0003,2021/12/31 00:00,Test report,https://acme.com,fine-dish-01
memorandum-09,AA:AAA-000:0004,2022/07/22 00:00,Test report,https://acme.com,fine-dish-01
memorandum-10,AA:AAA-000:0005,2022/07/21 23:59,Test report,https://acme.com,fine-dish-01
memorandum-11,AA:AAA-000:0006,2022/01/01 00:00,"!""#$%&'()*+-./0123456789:;<=>?@ABCDEFGHIJKLMNOPQRSTUVWXYZ[\]^_`abcdefghijklmnopqrstuvwxyz{|}~¡¢£¤¥¦§¨©ª«¬­®¯°±²³´µ¶·¸¹º»¼½¾¿ÀÁÂÃÄÅÆÇÈÉÊËÌÍÎÏÐÑÒÓÔÕÖ×ØÙÚÛÜÝÞßàáâãäåæçèéêëìíîïðñòóôõö÷øùúûüýþÿ",https://acme.com,fine-dish-01
memorandum-12,AA:AAA-000:0007,2022/01/01 00:00,This text contains 255 letters exactly for testing purposes I could also use the lorem ipsum to test. Lorem ipsum dolor sit amet; consectetur adipiscing elit; sed do eiusmod tempor incididunt ut labore et dolore magna aliqua. This is 30 more to pad it out,https://acme.com,fine-dish-01
memorandum-13,AA:AAA-000:0008,2022/01/01 00:00,Test report,null,fine-dish-01
memorandum-14,AA:AAA-000:0009,2022/01/01 00:00,Test report,http://acme.com/xy,fine-dish-01
memorandum-15,AA:AAA-000:0010,2022/01/01 00:00,Test report,http://acme.com/x?y,fine-dish-01
memorandum-16,AA:AAA-000:0011,2022/01/01 00:00,Test report,http://acme.com/x/y,fine-dish-01
memorandum-17,AA:AAA-000:0012,2022/01/01 00:00,Test report,http://x.y/z?w&v,fine-dish-01
memorandum-18,AA:AAA-000:0013,2022/01/01 00:00,Test report,ftp://recipes:user@acme.com,fine-dish-01
memorandum-19,AA:AAA-001:0001,2022/01/01 00:00,Test report,https://acme.com,fine-dish-02
memorandum-20,FDS-042:0001,2022/03/08 21:25,Salmon does not go well with lettuce.,https://salmon.au/lettuce,fine-dish-36
