key,moment,heading,writer,text,email
peep-01,2022/08/09 00:00,Test heading,Test writer,Test text,example@acme.com
peep-02,2021/12/31 23:59,Test heading,Test writer,Test text,example@acme.com
peep-03,2021/12/31 00:00,Test heading,Test writer,Test text,example@acme.com
peep-04,2022/07/22 00:00,Test heading,Test writer,Test text,example@acme.com
peep-05,2022/07/21 23:59,Test heading,Test writer,Test text,example@acme.com
peep-06,2022/08/09 00:00,"!""#$%&'()*+-./0123456789:;<=>?@ABCDEFGHIJKLMNOPQRSTUVWXYZ[\]^_`abcdefghijklmnopqrstuvwxyz{|}~",Test writer,Test text,example@acme.com
peep-07,2022/08/09 00:00,¡¢£¤¥¦§¨©ª«¬­®¯°±²³´µ¶·¸¹º»¼½¾¿ÀÁÂÃÄÅÆÇÈÉÊËÌÍÎÏÐÑÒÓÔÕÖ×ØÙÚÛÜÝÞßàáâãäåæçèéêëìíîïðñòóôõö÷øùúûüýþÿ,Test writer,Test text,example@acme.com
peep-08,2022/08/09 00:00,This text contains 100 letters exactly for testing purposes I could also use the lorem ipsum to test,Test writer,Test text,example@acme.com
peep-09,2022/08/09 00:00,Test heading,"!""#$%&'()*+-./0123456789:;<=>?@ABCDEFGHIJKLMNOPQRSTUVWXYZ[\]^_`abcdefghijklmnopqrstuvwxyz{|}~",Test text,example@acme.com
peep-10,2022/08/09 00:00,Test heading,¡¢£¤¥¦§¨©ª«¬­®¯°±²³´µ¶·¸¹º»¼½¾¿ÀÁÂÃÄÅÆÇÈÉÊËÌÍÎÏÐÑÒÓÔÕÖ×ØÙÚÛÜÝÞßàáâãäåæçèéêëìíîïðñòóôõö÷øùúûüýþÿ,Test text,example@acme.com
peep-11,2022/08/09 00:00,Test heading,This text contains 100 letters exactly for testing purposes I could also use the lorem ipsum to test,Test text,example@acme.com
peep-12,2022/08/09 00:00,Test heading,Test writer,"!""#$%&'()*+-./0123456789:;<=>?@ABCDEFGHIJKLMNOPQRSTUVWXYZ[\]^_`abcdefghijklmnopqrstuvwxyz{|}~¡¢£¤¥¦§¨©ª«¬­®¯°±²³´µ¶·¸¹º»¼½¾¿ÀÁÂÃÄÅÆÇÈÉÊËÌÍÎÏÐÑÒÓÔÕÖ×ØÙÚÛÜÝÞßàáâãäåæçèéêëìíîïðñòóôõö÷øùúûüýþÿ",example@acme.com
peep-13,2022/08/09 00:00,Test heading,Test writer,This text contains 255 letters exactly for testing purposes I could also use the lorem ipsum to test. Lorem ipsum dolor sit amet; consectetur adipiscing elit; sed do eiusmod tempor incididunt ut labore et dolore magna aliqua. This is 30 more to pad it out,example@acme.com
peep-14,2022/08/09 00:00,Test heading,Test writer,Test text,null
peep-15,2022/08/03 09:57,Parsley is done for! Try thyme for best results,John Thyme,Thyme is a much better herb to parsley. It is a much more versatile instrument in the kitchen AND tastes better!,jthyme@acme.com
