key,code,heading,description,preparationNotes,link,draft,key:chef
recipe-01,AA:AAA-000,Test heading,Test description,Test preparation notes,https://acme.com,false,chef-01
recipe-02,ZZ:ZZZ-999,Test heading,Test description,Test preparation notes,https://acme.com,false,chef-01
recipe-03,AB:CDE-456,Test heading,Test description,Test preparation notes,https://acme.com,false,chef-01
recipe-04,AAA-000,Test heading,Test description,Test preparation notes,https://acme.com,false,chef-01
recipe-05,ZZZ-999,Test heading,Test description,Test preparation notes,https://acme.com,false,chef-01
recipe-06,ABC-123,Test heading,Test description,Test preparation notes,https://acme.com,false,chef-01
recipe-07,AA:AAA-007,"!""#$%&'()*+-./0123456789:;<=>?@ABCDEFGHIJKLMNOPQRSTUVWXYZ[\]^_`abcdefghijklmnopqrstuvwxyz{|}~",Test description,Test preparation notes,https://acme.com,false,chef-01
recipe-08,AA:AAA-008,¡¢£¤¥¦§¨©ª«¬­®¯°±²³´µ¶·¸¹º»¼½¾¿ÀÁÂÃÄÅÆÇÈÉÊËÌÍÎÏÐÑÒÓÔÕÖ×ØÙÚÛÜÝÞßàáâãäåæçèéêëìíîïðñòóôõö÷øùúûüýþÿ,Test description,Test preparation notes,https://acme.com,false,chef-01
recipe-09,AA:AAA-009,This text contains 100 letters exactly for testing purposes I could also use the lorem ipsum to test,Test description,Test preparation notes,https://acme.com,false,chef-01
recipe-10,AA:AAA-010,Test heading,"!""#$%&'()*+-./0123456789:;<=>?@ABCDEFGHIJKLMNOPQRSTUVWXYZ[\]^_`abcdefghijklmnopqrstuvwxyz{|}~¡¢£¤¥¦§¨©ª«¬­®¯°±²³´µ¶·¸¹º»¼½¾¿ÀÁÂÃÄÅÆÇÈÉÊËÌÍÎÏÐÑÒÓÔÕÖ×ØÙÚÛÜÝÞßàáâãäåæçèéêëìíîïðñòóôõö÷øùúûüýþÿ",Test preparation notes,https://acme.com,false,chef-01
recipe-11,AA:AAA-011,Test heading,This text contains 255 letters exactly for testing purposes I could also use the lorem ipsum to test. Lorem ipsum dolor sit amet; consectetur adipiscing elit; sed do eiusmod tempor incididunt ut labore et dolore magna aliqua. This is 30 more to pad it out,Test preparation notes,https://acme.com,false,chef-01
recipe-12,AA:AAA-012,Test heading,Test description,"!""#$%&'()*+-./0123456789:;<=>?@ABCDEFGHIJKLMNOPQRSTUVWXYZ[\]^_`abcdefghijklmnopqrstuvwxyz{|}~¡¢£¤¥¦§¨©ª«¬­®¯°±²³´µ¶·¸¹º»¼½¾¿ÀÁÂÃÄÅÆÇÈÉÊËÌÍÎÏÐÑÒÓÔÕÖ×ØÙÚÛÜÝÞßàáâãäåæçèéêëìíîïðñòóôõö÷øùúûüýþÿ",https://acme.com,false,chef-01
recipe-13,AA:AAA-013,Test heading,Test description,This text contains 255 letters exactly for testing purposes I could also use the lorem ipsum to test. Lorem ipsum dolor sit amet; consectetur adipiscing elit; sed do eiusmod tempor incididunt ut labore et dolore magna aliqua. This is 30 more to pad it out,https://acme.com,false,chef-01
recipe-14,AA:AAA-014,Test heading,Test description,Test preparation notes,null,false,chef-01
recipe-15,AA:AAA-015,Test heading,Test description,Test preparation notes,http://acme.com/xy,false,chef-01
recipe-16,AA:AAA-016,Test heading,Test description,Test preparation notes,http://acme.com/x?y,false,chef-01
recipe-17,AA:AAA-017,Test heading,Test description,Test preparation notes,http://acme.com/x/y,false,chef-01
recipe-18,AA:AAA-018,Test heading,Test description,Test preparation notes,http://x.y/z?w&v,false,chef-01
recipe-19,AA:AAA-019,Test heading,Test description,ftp://recipes:user@acme.com,https://acme.com,false,chef-01
recipe-20,AA:AAA-020,Test heading,Test description,Test preparation notes,https://acme.com,true,chef-01
recipe-21,AA:AAA-021,Test heading,Test description,Test preparation notes,https://acme.com,false,chef-02
recipe-22,RCP-060,Parsley salad,A salad filled to the brim with everyone's favourite herb,Grab a lot of parsley add some olive oil and plate,https://parsleylovers.co.uk/recipes/parsley-salad,false,chef-13
